rank,uri,artist_names,track_name,source,peak_rank,previous_rank,days_on_chart,streams
1,"spotify:track:56y1jOTK0XSvJzVv9vHQBK","Doja Cat","Paint The Town Red","Kemosabe Records/RCA Records",1,1,58,"277407"
2,"spotify:track:7K3BhSpAxZBznislvUMVtn","Morgan Wallen","Last Night","Big Loud Records / Mercury Records / Republic Records",1,3,243,"227979"
3,"spotify:track:3rUGC1vUpkDG9CZFHMur1t","Tate McRae","greedy","RCA Records Label",2,2,16,"211018"
4,"spotify:track:4KULAymBBJcPRpk1yO4dOG","Zach Bryan, Kacey Musgraves","I Remember Everything (feat. Kacey Musgraves)","Warner Records",1,4,37,"193828"
5,"spotify:track:4rXLjWdF2ZZpXCVTfWcshS","Gunna","fukumean","300 Entertainment",1,5,107,"182066"
6,"spotify:track:1BxfuPKGuaTgP7aM0Bbdwr","Taylor Swift","Cruel Summer","Taylor Swift",3,6,268,"173143"
7,"spotify:track:1Lo0QY9cvc8sUB2vnIOxDT","Luke Combs","Fast Car","River House Artists/Columbia Nashville",2,8,191,"146480"
8,"spotify:track:5mjYQaktjmjcMKcUIcqz4s","Kenya Grace","Strangers","Major Recordings",6,7,30,"143908"
9,"spotify:track:1kuGVB7EU95pJObxwvfwKS","Olivia Rodrigo","vampire","Olivia Rodrigo PS",1,10,93,"131217"
10,"spotify:track:3WMj8moIAXJhHsyLaqIIHI","Zach Bryan","Something in the Orange","Warner Records",8,11,512,"130994"
11,"spotify:track:6wsqVwoiVH2kde4k4KKAFU","Travis Scott","I KNOW ?","Cactus Jack/Epic",3,9,65,"124943"
12,"spotify:track:3RaCGXCiiMufRPoexXxGkV","Drake, SZA","Slime You Out (feat. SZA)","OVO",1,12,16,"115785"
13,"spotify:track:1vYXt7VSjH9JIM5oRRo7vA","Dua Lipa","Dance The Night - From Barbie The Album","Atlantic Records",7,16,128,"115646"
14,"spotify:track:2FDTHlrBguDzQkp7PVj16Q","Dave, Central Cee","Sprinter","Neighbourhood / Live Yours",1,13,121,"113740"
15,"spotify:track:5W4kiM2cUYBJXKRudNyxjW","Morgan Wallen","You Proof","Big Loud Records / Mercury Records / Republic Records",12,17,505,"109833"
16,"spotify:track:78Du4CMFgnhdlG33gblkiP","Oliver Anthony Music","Rich Men North of Richmond","Oliver Anthony Music/ radiowv",3,18,50,"105884"
17,"spotify:track:6ehWdR7cGDXnT7aKEASJxE","Jung Kook, Jack Harlow","3D (feat. Jack Harlow)","BIGHIT MUSIC",14,14,2,"105531"
18,"spotify:track:3cBsEDNhFI9E82vPj3kvi3","Morgan Wallen","Wasted On You","Big Loud / Republic",4,23,654,"101947"
19,"spotify:track:1s7oOCT8vauUh01PbJD6ps","Rema, Selena Gomez","Calm Down (with Selena Gomez)","Mavin Records / Jonzing World",3,26,400,"101333"
20,"spotify:track:0bILU0UiNDmA5Ff6whhb2R","Bailey Zimmerman","Religiously","Warner Music Nashville/Elektra",19,19,99,"101072"
21,"spotify:track:1fvC3CmNAbsx0V9ULMU8NB","Zach Bryan, Noah Kahan","Sarah's Place (feat. Noah Kahan)","Warner Records",4,24,9,"99361"
22,"spotify:track:3IX0yuEVvDbnqUwMBB3ouC","Olivia Rodrigo","bad idea right?","Olivia Rodrigo PS",3,21,51,"95540"
23,"spotify:track:6wf7Yu7cxBSPrRlWeSeK0Q","Billie Eilish","What Was I Made For? [From The Motion Picture ""Barbie""]","Darkroom/Interscope Records",4,22,80,"94761"
24,"spotify:track:7x9aauaA9cu6tyfpHnqDLo","Jung Kook, Latto","Seven (feat. Latto) (Explicit Ver.)","BIGHIT MUSIC",2,20,79,"94038"
25,"spotify:track:741UUVE2kuITl0c6zuqqbO","Nicki Minaj, Ice Spice, Aqua","Barbie World (with Aqua) [From Barbie The Album]","Atlantic Records",2,32,100,"93474"
26,"spotify:track:1odExI7RdWc4BT515LTAwj","David Kushner","Daylight","Miserable Music Group, LLC",2,25,170,"92028"
27,"spotify:track:3vkCueOmm7xQDoJ17W1Pm3","Mitski","My Love Mine All Mine","Dead Oceans",25,27,13,"89623"
28,"spotify:track:0PAcdVzhPO4gq1Iym9ESnK","Morgan Wallen","Thinkin’ Bout Me","Big Loud Records / Mercury Records / Republic Records",9,30,212,"89195"
29,"spotify:track:7DSAEUvxU8FajXtRloy8M0","Miley Cyrus","Flowers","Columbia",1,41,261,"87295"
30,"spotify:track:4iZ4pt7kvcaH6Yo8UoZ4s2","SZA","Snooze","Top Dawg Entertainment/RCA Records",15,29,295,"86190"
31,"spotify:track:1Qrg8KqiBpW07V7PNxwwwL","SZA","Kill Bill","Top Dawg Entertainment/RCA Records",1,33,296,"84559"
32,"spotify:track:6foY66mWZN0pSRjZ408c00","Morgan Wallen","Whiskey Glasses","Big Loud Records",32,42,1232,"83808"
33,"spotify:track:0V3wPSX9ygBnCm8psDIegu","Taylor Swift","Anti-Hero","Taylor Swift",1,40,345,"83605"
34,"spotify:track:67nepsnrcZkowTxMWigSbb","Travis Scott, Drake","MELTDOWN (feat. Drake)","Cactus Jack/Epic",1,28,65,"82433"
35,"spotify:track:48UKTR66uUOT9LaUvooTNx","Luke Combs","The Kind of Love We Make","River House Artists/Columbia Nashville",10,46,470,"81769"
36,"spotify:track:2gyxAWHebV7xPYVxqoi86f","Olivia Rodrigo","get him back!","Olivia Rodrigo PS",6,36,23,"79917"
37,"spotify:track:3F5CgOj3wFlRv51JsHbxhe","Drake, 21 Savage","Jimmy Cooks (feat. 21 Savage)","OVO",1,31,470,"79885"
38,"spotify:track:4Dvkj6JhhA12EX05fT7y2e","Harry Styles","As It Was","Columbia",1,48,549,"79103"
39,"spotify:track:4HeViKsdSOLkOvwfcRVkK8","Thomas Rhett, Morgan Wallen","Mamaw's House","The Valory Music Co.",15,15,2,"79054"
40,"spotify:track:4pCbJC43j3gSqG6Fen6upD","Zach Bryan, The War and Treaty","Hey Driver (feat. The War and Treaty)","Warner Records",9,38,37,"79024"
41,"spotify:track:68Dni7IE4VyPkTOH9mRWHr","J. Cole","No Role Modelz","Roc Nation Records LLC",20,35,1595,"78896"
42,"spotify:track:6WzRpISELf3YglGAh7TXcG","The Weeknd, Playboi Carti, Madonna","Popular (with Playboi Carti & Madonna) - Music from the HBO Original Series","XO / Republic Records",2,43,121,"76629"
43,"spotify:track:4uUG5RXrOk84mYEfFvj3cK","David Guetta, Bebe Rexha","I'm Good (Blue)","Parlophone UK",1,57,401,"76346"
44,"spotify:track:0mflMxspEfB0VbI1kyLiAv","Noah Kahan","Stick Season","Mercury Records/Republic Records",26,39,181,"75792"
45,"spotify:track:22VHOlVYBqytsrAqV8yXBK","Noah Kahan, Post Malone","Dial Drunk (with Post Malone)","Mercury Records/Republic Records",8,45,75,"75635"
46,"spotify:track:1i9lZvlaDdWDPyXEE95aiq","Travis Scott, SZA, Future","TELEKINESIS (feat. SZA & Future)","Cactus Jack/Epic",12,34,65,"75422"
47,"spotify:track:5aIVCx5tnk0ntmdiinnYvw","Tyla","Water","FAX Records/Epic",47,50,12,"75187"
48,"spotify:track:5PyDJG7SQRgWXefgexqIge","Doja Cat","Agora Hills","Kemosabe Records/RCA Records",21,37,9,"74943"
49,"spotify:track:2Dct3GykKZ58hpWRFfe2Qd","Zach Bryan","Heading South","Warner Records",40,51,160,"74505"
50,"spotify:track:0ofHAoxe9vBkTCp2UQIavz","Fleetwood Mac","Dreams - 2004 Remaster","Rhino/Warner Records",4,58,1073,"74404"
51,"spotify:track:2QjOHCTQ1Jl3zawyYOpxh6","The Neighbourhood","Sweater Weather","Columbia",17,49,1094,"71435"
52,"spotify:track:3azJifCSqg9fRij2yKIbWz","Tory Lanez","The Color Violet","One Umbrella Records",8,44,413,"71409"
53,"spotify:track:1TE8AAk9koG0UJco6ZAUfx","Bailey Zimmerman","Rock and A Hard Place","Warner Music Nashville/Elektra",21,56,477,"71168"
54,"spotify:track:4fYte8ZvTK14NEhAOZocBi","OneRepublic","I Ain't Worried","Interscope Records",2,62,481,"70302"
55,"spotify:track:2dHHgzDwk4BJdRwy9uXhTO","Metro Boomin, The Weeknd, 21 Savage","Creepin' (with The Weeknd & 21 Savage)","Republic Records",1,53,303,"69741"
56,"spotify:track:7fveJ3pk1eSfxBdVkzdXZ0","Morgan Wallen, ERNEST","Cowgirls (feat. ERNEST)","Big Loud Records / Mercury Records / Republic Records",32,55,212,"69738"
57,"spotify:track:1u8c2t2Cy7UBoG4ArRcF5g","Taylor Swift","Blank Space","Big Machine Records, LLC",20,67,207,"69599"
58,"spotify:track:0ug5NqcwcFR2xrfTkc7k8e","Taylor Swift","Style","Big Machine Records, LLC",16,59,199,"69217"
59,"spotify:track:73m3OYU7lG7irNbFjNipwF","Charlotte Cardin","Confetti","Cult Nation",24,60,173,"68059"
60,"spotify:track:3fqwjXwUGN6vbzIwvyFMhx","Chris Stapleton","Tennessee Whiskey","Mercury Nashville",33,84,799,"67412"
61,"spotify:track:3xKsf9qdS1CyvXSMEid6g8","Frank Ocean","Pink + White","Boys Don't Cry",39,52,348,"66864"
62,"spotify:track:1mMLMZYXkMueg65jRRWG1l","Luke Combs","When It Rains It Pours","River House Artists/Columbia Nashville",32,92,742,"64491"
63,"spotify:track:3USxtqRwSYz57Ewm6wWRMp","Glass Animals","Heat Waves","Polydor Records",1,73,1012,"64245"
64,"spotify:track:7MSWxMumjz6lHj7oRApNbg","Chris Stapleton","White Horse","Mercury Nashville",53,81,71,"64137"
65,"spotify:track:2LawezPeJhN4AWuSB0GtAU","Creedence Clearwater Revival","Have You Ever Seen The Rain","Craft Recordings",37,100,371,"64091"
66,"spotify:track:7KokYm8cMIXCsGVmUvKtqf","Taylor Swift","Karma","Taylor Swift",7,78,282,"63946"
67,"spotify:track:6rjuKpPydT2SxN15TZpV7r","Lil Tecca","500lbs","Galactic Records/Lil Tecca",26,54,18,"63853"
68,"spotify:track:0RiRZpuVRbi7oqRdSMwhQY","Post Malone, Swae Lee","Sunflower - Spider-Man: Into the Spider-Verse","Republic Records",1,75,1782,"63815"
69,"spotify:track:2UikqkwBv7aIvlixeVXHWt","Chris Stapleton","You Should Probably Leave","Mercury Nashville",50,83,171,"63586"
70,"spotify:track:5MwynWK9s4hlyKHqhkNn4A","Morgan Wallen","Chasin' You","Big Loud Records",70,72,401,"63535"
71,"spotify:track:41WQUSINanQHfhfKpFDsms","Miley Cyrus","Used To Be Young","Columbia",7,70,37,"63117"
72,"spotify:track:2LBqCSwhJGcFQeTHMVGwy3","The Weeknd","Die For You","Universal Republic Records",7,65,857,"62383"
73,"spotify:track:7KA4W4McWYRpgf0fWsJZWB","Tyler, The Creator, Kali Uchis","See You Again (feat. Kali Uchis)","Columbia",11,63,251,"62017"
74,"spotify:track:4EWCNWgDS8707fNSZ1oaA5","Kanye West","Heartless","Roc-A-Fella",40,64,575,"61674"
75,"spotify:track:63ui2w3QJBp8xx0c1MJB2Z","Bad Bunny","UN PREVIEW","Rimas Entertainment LLC",30,47,5,"60923"
76,"spotify:track:7yq4Qj7cqayVTp3FF9CWbm","Vance Joy","Riptide","Atlantic Records",41,89,1211,"60547"
77,"spotify:track:22skzmqfdWrjJylampe0kt","Macklemore & Ryan Lewis, Macklemore, Ryan Lewis, Ray Dalton","Can't Hold Us (feat. Ray Dalton)","Macklemore",57,97,614,"60543"
78,"spotify:track:5w40ZYhbBMAlHYNDaVJIUu","Post Malone","Chemical","Mercury Records/Republic Records",7,79,170,"60522"
79,"spotify:track:59NraMJsLaMCVtwXTSia8i","cassö, RAYE, D-Block Europe","Prada","Ministry of Sound Recordings",74,82,27,"60365"
80,"spotify:track:4BP3uh0hFLFRb5cjsgLqDh","Creedence Clearwater Revival","Fortunate Son","Craft Recordings",65,107,409,"60313"
81,"spotify:track:3EvZ03hGAFwGZ2Ebcu86YH","Zach Bryan","Tourniquet","Warner Records",19,69,37,"59612"
82,"spotify:track:1zi7xx7UVEFkmKfv06H8x0","Drake, Wizkid, Kyla","One Dance","Cash Money Records/Young Money Ent./Universal Rec.",5,93,1122,"59538"
83,"spotify:track:69AIpwGNLxr4qS1X5ynx60","Jordan Davis, Luke Bryan","Buy Dirt","MCA Nashville",51,102,750,"59313"
84,"spotify:track:2Hh3ETdQKrmSI3QS0hme7g","Metro Boomin, Future, Don Toliver","Too Many Nights (feat. Don Toliver & with Future)","Republic Records",7,68,302,"59242"
85,"spotify:track:42TtHTxWk782ZBiqyOi2d1","Zach Bryan, Maggie Rogers","Dawns (feat. Maggie Rogers)","Warner Records",40,80,124,"59122"
86,"spotify:track:42VsgItocQwOQC3XWZ8JNA","Travis Scott, Playboi Carti","FE!N (feat. Playboi Carti)","Cactus Jack/Epic",2,66,65,"58972"
87,"spotify:track:7qEHsqek33rTcFNT9PFqLf","Lewis Capaldi","Someone You Loved","Vertigo Berlin",2,90,1702,"58176"
88,"spotify:track:34sOdxWu9FljH84UXdRwu1","Olivia Rodrigo","all-american bitch","Olivia Rodrigo PS",4,71,23,"58161"
89,"spotify:track:5XeFesFbtLpXzIVDNQP22n","Arctic Monkeys","I Wanna Be Yours","Domino Recording Co",55,77,376,"57952"
90,"spotify:track:4Zj2uX6ApCFK9XzjwIhCIr","Zach Bryan, Bon Iver","Boys Of Faith (feat. Bon Iver)","Warner Records",13,76,9,"57831"
91,"spotify:track:3Qu3Zh4WTKhP9GEXo0aDnb","Morgan Wallen","Thought You Should Know","Big Loud Records / Mercury Records / Republic Records",18,95,288,"57793"
92,"spotify:track:18kRElgBSIAsd3DHPUajuI","Diljit Dosanjh","Jatt Vailly","DILJIT DOSANJH",92,138,2,"57433"
93,"spotify:track:2YVlDlk2zRceefo6XlC6DX","Morgan Wallen","Ain’t That Some","Big Loud Records / Mercury Records / Republic Records",6,96,212,"57414"
94,"spotify:track:4bHsxqR3GMrXTxEPLuK5ue","Journey","Don't Stop Believin'","Columbia",40,139,2029,"56621"
95,"spotify:track:3BKD1PwArikchz2Zrlp1qi","David Guetta, Anne-Marie, Coi Leray","Baby Don't Hurt Me","Parlophone UK",28,118,177,"56138"
96,"spotify:track:0JXXNGljqupsJaZsgSbMZV","Miguel","Sure Thing","Jive",10,87,292,"56134"
97,"spotify:track:2HbKqm4o0w5wEeEFXm2sD4","Kendrick Lamar, Jay Rock","Money Trees","Aftermath",32,74,651,"56125"
98,"spotify:track:5sdQOyqq2IDhvmx2lHOpwd","NewJeans","Super Shy","ADOR",8,101,86,"56077"
99,"spotify:track:3hUxzQpSfdDqwM3ZTFQY0K","Taylor Swift","august","Taylor Swift",8,91,213,"56066"
100,"spotify:track:72kGuWpRiuA149Bn5lDkIO","Bryan Martin","We Ride","Average Joes Entertainment",100,114,29,"55757"
101,"spotify:track:7MXVkk9YMctZqd1Srtv4MB","The Weeknd, Daft Punk","Starboy","Universal Republic Records",1,94,1012,"55364"
102,"spotify:track:0HEytGQM3bG1vKxER7IgVK","Zach Bryan, The Lumineers","Spotless (feat. The Lumineers)","Warner Records",9,88,37,"55156"
103,"spotify:track:3hRV0jL3vUpRrcy398teAU","Lord Huron","The Night We Met","IAMSOUND",52,86,844,"55018"
104,"spotify:track:3E7dfMvvCLUddWissuqMwr","Miley Cyrus","Party In The U.S.A.","Hollywood Records",47,147,379,"54766"
105,"spotify:track:6T7FXSuXykeGktMLGp8WgE","Lil Durk, J. Cole","All My Life (feat. J. Cole)","Alamo",2,105,142,"54435"
106,"spotify:track:5g7sDjBhZ4I3gcFIpkrLuI","Bruno Mars","Locked out of Heaven","Atlantic Records",106,113,31,"54158"
107,"spotify:track:6JIC3hbC28JZKZ8AlAqX8h","Elton John, Dua Lipa, PNAU","Cold Heart - PNAU Remix","EMI",1,150,776,"54126"
108,"spotify:track:5fEB6ZmVkg63GZg9qO86jh","PARTYNEXTDOOR","Break from Toronto","OVO Sound",70,85,308,"53992"
109,"spotify:track:7jtQIBanIiJOMS6RyCx6jZ","Tom Odell","Another Love","ITNO/Columbia",27,104,603,"53801"
110,"spotify:track:4R2kfaDFhslZEMJqAFNpdd","Taylor Swift","cardigan","Taylor Swift",1,99,352,"53768"
111,"spotify:track:2rxQMGVafnNaRaXlRMWPde","Luke Combs","Beautiful Crazy","River House Artists/Columbia Nashville",60,128,1130,"53629"
112,"spotify:track:1R0a2iXumgCiFb7HEZ7gUE","Taylor Swift","Don’t Blame Me","Big Machine Records, LLC",34,112,416,"53599"
113,"spotify:track:0JmnkIqdlnUzPaf8sqBRs3","Kali Uchis","Moonlight","Geffen Records",39,109,202,"53394"
114,"spotify:track:1mea3bSkSGXuIRvnydlB5b","Coldplay","Viva La Vida","Parlophone UK",66,123,366,"53148"
115,"spotify:track:1bDbXMyjaUIooNwFE9wn0N","Drake, 21 Savage","Rich Flex","OVO / Republic Records",1,98,331,"52881"
116,"spotify:track:3xdjjKMcMOFgo1eQrfbogM","Darius Rucker","Wagon Wheel","Capitol Records Nashville",72,169,402,"52652"
117,"spotify:track:0VjIjW4GlUZAMYd2vXMi3b","The Weeknd","Blinding Lights","Republic Records",1,135,1397,"52395"
118,"spotify:track:7tqhbajSfrz2F7E1Z75ASX","Marvin Gaye, Tammi Terrell","Ain't No Mountain High Enough","UNI/MOTOWN",46,167,136,"52084"
119,"spotify:track:1SjsVdSXpwm1kTdYEHoPIT","Zach Bryan","Sun to Me","Warner Records",82,117,76,"51779"
120,"spotify:track:7aRCf5cLOFN1U7kvtChY1G","Drake","Search & Rescue","OVO/Republic Records",1,103,177,"51475"
121,"spotify:track:5TRPicyLGbAF2LGBFbHGvO","Kanye West, Dwele","Flashing Lights","Roc-A-Fella",98,106,205,"51470"
122,"spotify:track:7qTaDOcld0VmBWXnkbUj45","Lil Durk, Morgan Wallen","Broadway Girls (feat. Morgan Wallen)","Alamo",13,133,205,"51090"
123,"spotify:track:6dgUya35uo964z7GZXM07g","Sabrina Carpenter","Nonsense","Island Records",9,124,263,"50717"
124,"spotify:track:1rXq0uoV4KTgRN64jXzIxo","Morgan Wallen","One Thing At A Time","Big Loud Records / Mercury Records / Republic Records",8,127,295,"50521"
125,"spotify:track:003vvx7Niy0yvhvHt4a68B","The Killers","Mr. Brightside","Island Records",33,134,1184,"50399"
126,"spotify:track:3AJwUDP919kvQ9QcozQPxg","Coldplay","Yellow","Parlophone UK",80,129,421,"50362"
127,"spotify:track:3hxIUxnT27p5WcmjGUXNwx","Hotel Ugly","Shut up My Moms Calling","Hotel Ugly, under exclusive license to Amuseio AB",47,120,302,"50175"
128,"spotify:track:6iF4RgIjDvDqyW13PezSj3","Selena Gomez","Single Soon","Interscope Records",13,126,35,"50101"
129,"spotify:track:7lQ8MOhq6IN2w8EYcFNSUk","Eminem","Without Me","Aftermath",24,131,697,"49906"
130,"spotify:track:2a1o6ZejUi8U3wzzOtCOYw","Don Omar, Lucenzo","Danza Kuduro","UMLE - Machete",53,182,403,"49872"
131,"spotify:track:5OELUCYgOHKFAvCERnAvfS","Morgan Wallen","More Than My Hometown","Big Loud / Republic",29,140,270,"49792"
132,"spotify:track:2ixkIrn45mNfdLDLHuyfRt","Chayce Beckham","23","BMG Rights Management (US) LLC",131,146,71,"49696"
133,"spotify:track:2Rn2ocU7jk8BqFoh6zwf1Y","Troye Sivan","Got Me Started","EMI Recorded Music Australia Pty Ltd",124,132,3,"49625"
134,"spotify:track:0vjeOZ3Ft5jvAi9SBFJm1j","Metro Boomin, Future, Chris Brown","Superhero (Heroes & Villains) [with Future & Chris Brown]","Republic Records",2,116,303,"49506"
135,"spotify:track:0OWhKvvsHptt6vnnNUSM9a","Zach Bryan","Oklahoma Smokeshow","Warner Records",114,136,51,"49250"
136,"spotify:track:4RvWPyQ5RL0ao9LPZeSouE","Tears For Fears","Everybody Wants To Rule The World","UMC (Universal Music Catalogue)",70,170,370,"49143"
137,"spotify:track:20OFwXhEXf12DzwXmaV7fj","Creedence Clearwater Revival","Bad Moon Rising","Craft Recordings",73,-1,135,"49125"
138,"spotify:track:3dYD57lRAUcMHufyqn9GcI","Hozier","Take Me to Church","Columbia",65,122,523,"49016"
139,"spotify:track:1zv3WFUbZ5vPxFq9I2jAU1","Rihanna, Calvin Harris","We Found Love","Def Jam Recordings",7,171,225,"48932"
140,"spotify:track:103u49mLoJUge83B1CnLxI","HARDY","TRUCK BED","Big Loud Records / Big Loud Rock",109,161,57,"48812"
141,"spotify:track:5BbdKBZO0TH0GhfxUfyhL9","Lil Baby","Freestyle","Quality Control Music (Caroline)",64,119,299,"48685"
142,"spotify:track:7aEtlGHoiPAfRB084NiDmx","Luke Combs","Beer Never Broke My Heart","River House Artists/Columbia Nashville",43,183,654,"48562"
143,"spotify:track:567e29TDzLwZwfDuEpGTwo","The Kid LAROI, Justin Bieber","STAY (with Justin Bieber)","Columbia",1,164,809,"48537"
144,"spotify:track:6pcywuOeGGWeOQzdUyti6k","21 Savage, Metro Boomin","Glock In My Lap","Slaughter Gang, LLC/Epic/Boominati Worldwide/Republic",6,108,337,"48428"
145,"spotify:track:3FU6urUVsgXa6RBuV2PdRk","Diplo, Morgan Wallen","Heartless (feat. Morgan Wallen)","Columbia",51,158,493,"48422"
146,"spotify:track:6AQbmUe0Qwf5PZnt4HmTXv","PinkPantheress, Ice Spice","Boy's a Liar Pt. 2","Warner Records",1,152,239,"48363"
147,"spotify:track:1dGr1c8CrMLDpV6mPbImSI","Taylor Swift","Lover","Taylor Swift",1,141,295,"48261"
148,"spotify:track:5wG3HvLhF6Y5KTGlK0IW3J","Metro Boomin, Travis Scott, Young Thug","Trance (with Travis Scott & Young Thug)","Republic Records",13,110,263,"48091"
149,"spotify:track:1fXnu2HzxbDtoyvFPWG3Bw","Lil Durk, Morgan Wallen","Stand By Me (feat. Morgan Wallen)","Alamo",12,157,128,"48075"
150,"spotify:track:1v7L65Lzy0j0vdpRjJewt1","Eminem","Lose Yourself","Aftermath",8,154,1110,"47886"
151,"spotify:track:0cqRj7pUJDkTCEsJkx8snD","Taylor Swift","Shake It Off","Big Machine Records, LLC",46,-1,82,"47567"
152,"spotify:track:43iIQbw5hx986dUEZbr3eN","Laufey","From The Start","Laufey",53,151,79,"47376"
153,"spotify:track:5mCPDVBb16L4XQwDdbRUpz","Drake","Passionfruit","Cash Money Records/Young Money Ent./Universal Rec.",1,125,698,"47303"
154,"spotify:track:0LQtEJt7x0s6knb6RKdRYc","Zac Brown Band","Chicken Fried","Home Grown Music",65,-1,402,"47128"
155,"spotify:track:0rCFRyEy4WXjRXNpO80Dzs","Bailey Zimmerman","Fall In Love","Warner Music Nashville/Elektra",62,148,311,"47095"
156,"spotify:track:3Nl5OkkmS5DaBZvuYofpAt","Olivia Rodrigo","the grudge","Olivia Rodrigo PS",10,111,23,"47040"
157,"spotify:track:5NORWMFC27ywGSZxi8uquP","The Lumineers","Ophelia","Dualtone Music Group",107,153,673,"46984"
158,"spotify:track:40iJIUlhi6renaREYGeIDS","Drake, Travis Scott","Fair Trade (with Travis Scott)","OVO",1,121,578,"46658"
159,"spotify:track:21jGcNKet2qwijlDFuPiPb","Post Malone","Circles","Republic Records",1,165,1410,"46540"
160,"spotify:track:40vKwNlXXKUmQMGceAoEpy","Sam Barber","Straight and Narrow","Lockeland Springs/Atlantic",53,156,57,"46400"
161,"spotify:track:3xWGA8pa0IKFI7IMPri4P0","Ed Sheeran","Shivers","Atlantic Records UK",2,188,739,"46304"
162,"spotify:track:698eQRku24PIYPQPHItKlA","Luke Combs","She Got the Best of Me","River House Artists/Columbia Nashville",114,172,186,"46108"
163,"spotify:track:59nOXPmaKlBfGMDeOVGrIK","Future, Drake, Tems","WAIT FOR U (feat. Drake & Tems)","Epic/Freebandz",3,137,518,"45962"
164,"spotify:track:2tpWsVSb9UEmDRxAl1zhX1","OneRepublic","Counting Stars","Mosley / Interscope",119,177,389,"45959"
165,"spotify:track:6me7F0aaZjwDo6RJ5MrfBD","Richy Mitch & The Coal Miners","Evergreen","Richy Mitch & The Coal Miners",116,142,21,"45948"
166,"spotify:track:23RoR84KodL5HWvUTneQ1w","Peggy Gou","(It Goes Like) Nanana - Edit","XL Recordings",48,-1,60,"45551"
167,"spotify:track:36gcliMRX1vCpgnrZE3dFZ","Tiësto, Tate McRae","10:35","Atlantic Records",13,185,323,"45534"
168,"spotify:track:3yrSvpt2l1xhsV9Em88Pul","Van Morrison","Brown Eyed Girl","Columbia/Legacy",71,-1,367,"45520"
169,"spotify:track:3yfqSUWxFvZELEM4PmlwIR","Eminem","The Real Slim Shady","Interscope",22,160,830,"45483"
170,"spotify:track:5VxmI3IdgAxWVvUnJoLuY2","Charli XCX","Speed Drive (From Barbie The Album)","Atlantic Records",28,168,71,"45393"
171,"spotify:track:4KW1lqgSr8TKrvBII0Brf8","Kanye West","Father Stretch My Hands Pt. 1","Rock The World/IDJ/Kanye LP7",119,130,34,"45214"
172,"spotify:track:5JYPXqMwYc0zTODQdjMEZN","Ice Spice","Deli","10K Projects/Capitol Records",45,179,72,"45178"
173,"spotify:track:4RoKNqyZ9622tcAeNPNv5k","Burna Boy","City Boys","Spaceship/ Bad Habit/Atlantic Records",157,193,5,"45156"
174,"spotify:track:3EaJDYHA0KnX88JvDhL9oa","Steve Lacy","Dark Red","Three Quarter",39,145,643,"44678"
175,"spotify:track:70LcF31zb1H0PyJoS1Sx1r","Radiohead","Creep","XL Recordings",175,190,17,"44642"
176,"spotify:track:7iL6o9tox1zgHpKUfh9vuC","50 Cent","In Da Club","Shady Records",22,-1,504,"44562"
177,"spotify:track:1JSTJqkT5qHq8MDJnJbRE1","The Police","Every Breath You Take","Polydor Records",120,-1,81,"44549"
178,"spotify:track:1xK59OXxi2TAAAbmZK0kBL","d4vd","Romantic Homicide","Darkroom/Interscope Records",10,155,364,"44518"
179,"spotify:track:1JgknGBbrfmEHeOZH051SS","SUICIDAL-IDOL","ecstacy (slowed)","AVR",179,184,3,"44246"
180,"spotify:track:6I3mqTwhRpn34SLVafSH7G","Justin Bieber","Ghost","RBMG/Def Jam",4,-1,706,"44138"
181,"spotify:track:4CIyxiObT9G35HrSItAblR","Lil Tecca, Kodak Black","HVN ON EARTH (with Kodak Black)","Galactic Records/Lil Tecca",48,143,10,"44012"
182,"spotify:track:2gam98EZKrF9XuOkU13ApN","Nelly Furtado, Timbaland","Promiscuous","Mosley / Geffen",21,-1,75,"43941"
183,"spotify:track:3QFInJAm9eyaho5vBzxInN","Baby Keem, Kendrick Lamar","family ties (with Kendrick Lamar)","Columbia",5,149,710,"43876"
184,"spotify:track:7sO5G9EABYOXQKNPNiE9NR","Offset, Metro Boomin","Ric Flair Drip (with Metro Boomin)","Slaughter Gang, LLC/Epic/Quality Control Music/Motown/Capitol/Boominati Worldwide/Republic",5,159,1090,"43869"
185,"spotify:track:0JbSghVDghtFEurrSO8JrC","Luke Bryan","Country Girl (Shake It For Me)","Capitol Nashville",135,-1,77,"43365"
186,"spotify:track:0nrRP2bk19rLc0orkWPQk2","Avicii","Wake Me Up","Universal Music AB",19,-1,592,"43267"
187,"spotify:track:0mKnuxVkPi5h0kuvZl44VM","Morgan Wallen","Cover Me Up","Big Loud / Republic",46,189,35,"43218"
188,"spotify:track:17phhZDn6oGtzMe56NuWvj","Teddy Swims","Lose Control","Warner Records",188,-1,1,"43205"
189,"spotify:track:2J6OF7CkpdQGSfm1wdclqn","Brent Faiyaz","Clouded","Lost Kids",84,144,35,"43111"
190,"spotify:track:06gD2ZtK3Dzc1BYqWExQJJ","Chris Stapleton","Broken Halos","Mercury Nashville",174,-1,5,"42999"
191,"spotify:track:6Qyc6fS4DsZjB2mRW9DsQs","The Goo Goo Dolls","Iris","Warner Records",41,192,449,"42941"
192,"spotify:track:54ipXppHLA8U4yqpOFTUhr","Imagine Dragons","Bones","Kid Ina Korner / Interscope",22,-1,506,"42891"
193,"spotify:track:2SiXAy7TuUkycRVbbWDEpo","AC/DC","You Shook Me All Night Long","Columbia",84,-1,74,"42824"
194,"spotify:track:5odlY52u43F5BjByhxg7wg","JVKE","golden hour","JVKE",10,197,398,"42784"
195,"spotify:track:19eUFBAnHBuTz6TCJXhu7h","Ed Sheeran","American Town","Gingerbread Man Records",61,61,2,"42605"
196,"spotify:track:73RbfOTJIjHzi2pcVHjeHM","Doechii","What It Is (Solo Version)","Top Dawg Entertainment/Capitol Records",57,-1,91,"42548"
197,"spotify:track:7snQQk1zcKl8gZ92AnueZW","Guns N' Roses","Sweet Child O' Mine","Guns N Roses P&D",80,-1,152,"42359"
198,"spotify:track:0pqnGHJpmpxLKifKRmU6WP","Imagine Dragons","Believer","Kid Ina Korner / Interscope",9,-1,1559,"42328"
199,"spotify:track:57bgtoPSgt236HzfBOd8kj","AC/DC","Thunderstruck","Columbia",149,-1,146,"42287"
200,"spotify:track:78QR3Wp35dqAhFEc2qAGjE","Lil Baby, Gunna","Drip Too Hard (Lil Baby & Gunna)","Quality Control Music/Young Stoner Life Records, a 300 Entertainment Label/Motown Records/Capitol Records",4,176,1179,"42220"
